"tag.x","tree_id.x","stand_id.x","plot.x","stand_idplot.x","species.x","year.x","year_count.x","tree_status.x","dbh.x","AreaCookie.x","size_cat.x","tree_id.y","stand_id.y","plot.y","stand_idplot.y","tag.y","species.y","year.y","year_count.y","tree_status.y","dbh.y","AreaCookie.y","size_cat.y","Stand","Subplot..e.g...25.25..","Camera.number","Lat","Long","Notes","geometry"
18,"TO04000800017","TO04",8,"TO048","TSHE",2012,35,"1","25,9","526,852942","regular","TO04000700018","TO04",7,"TO047",4620,"TABR",1998,21,"6","29,4","678,8667565","regular","TO04","75,75",8,"46,74048","121,8875",NA,c(93.36, 75.34)
18,"TO04000800017","TO04",8,"TO048","TSHE",2012,35,"1","25,9","526,852942","regular","TO04000700020","TO04",7,"TO047",2302,"TABR",2012,35,"1","20,1","317,308712","regular","TO04","75,75",8,"46,74048","121,8875",NA,c(93.36, 75.34)
18,"TO04000800017","TO04",8,"TO048","TSHE",2012,35,"1","25,9","526,852942","regular","TO04000700022","TO04",7,"TO047",3642,"TSHE",2012,35,"1","17","226,9800692","regular","TO04","75,75",8,"46,74048","121,8875",NA,c(93.36, 75.34)
18,"TO04000800017","TO04",8,"TO048","TSHE",2012,35,"1","25,9","526,852942","regular","TO04000800017","TO04",8,"TO048",18,"TSHE",2012,35,"1","25,9","526,852942","regular","TO04","75,75",8,"46,74048","121,8875",NA,c(93.36, 75.34)
18,"TO04000800017","TO04",8,"TO048","TSHE",2012,35,"1","25,9","526,852942","regular","TO04000800025","TO04",8,"TO048",9439,"ABAM",2012,35,"2","16,3","208,672438","regular","TO04","75,75",8,"46,74048","121,8875",NA,c(93.36, 75.34)
436,"TO04000400015","TO04",4,"TO044","TSHE",2012,35,"1","17,9","251,6494255","regular","TO04000200024","TO04",2,"TO042",4411,"TSHE",2012,35,"1","58,3","2669,481964","regular","TO04","25,75",6,"46,74041","121,88834",NA,c(26.24, 52.18)
436,"TO04000400015","TO04",4,"TO044","TSHE",2012,35,"1","17,9","251,6494255","regular","TO04000200025","TO04",2,"TO042",435,"TSHE",2012,35,"1","23,1","419,096314","regular","TO04","25,75",6,"46,74041","121,88834",NA,c(26.24, 52.18)
436,"TO04000400015","TO04",4,"TO044","TSHE",2012,35,"1","17,9","251,6494255","regular","TO04000400012","TO04",4,"TO044",4443,"TSHE",2008,31,"6","23,6","437,4353611","regular","TO04","25,75",6,"46,74041","121,88834",NA,c(26.24, 52.18)
436,"TO04000400015","TO04",4,"TO044","TSHE",2012,35,"1","17,9","251,6494255","regular","TO04000400015","TO04",4,"TO044",436,"TSHE",2012,35,"1","17,9","251,6494255","regular","TO04","25,75",6,"46,74041","121,88834",NA,c(26.24, 52.18)
436,"TO04000400015","TO04",4,"TO044","TSHE",2012,35,"1","17,9","251,6494255","regular","TO04001500002","TO04",15,"TO0415",4505,"PSME",2012,35,"1","224,9","39725,44696","regular","TO04","25,75",6,"46,74041","121,88834",NA,c(26.24, 52.18)
2332,"TO04001300013","TO04",13,"TO0413","TSHE",2012,35,"1","27,5","593,9573611","regular","TO04001300012","TO04",13,"TO0413",4688,"TSHE",2012,35,"1","43,6","1493,010493","regular","TO04","25,25",2,"46,7401","121,88777",NA,c(31.34, 30.87)
2332,"TO04001300013","TO04",13,"TO0413","TSHE",2012,35,"1","27,5","593,9573611","regular","TO04001300013","TO04",13,"TO0413",2332,"TSHE",2012,35,"1","27,5","593,9573611","regular","TO04","25,25",2,"46,7401","121,88777",NA,c(31.34, 30.87)
2332,"TO04001300013","TO04",13,"TO0413","TSHE",2012,35,"1","27,5","593,9573611","regular","TO04001300016","TO04",13,"TO0413",38,"TSHE",2012,35,"1","22,7","404,7078196","regular","TO04","25,25",2,"46,7401","121,88777",NA,c(31.34, 30.87)
2332,"TO04001300013","TO04",13,"TO0413","TSHE",2012,35,"1","27,5","593,9573611","regular","TO04001300017","TO04",13,"TO0413",39,"TSHE",2012,35,"1","20,9","343,0697718","regular","TO04","25,25",2,"46,7401","121,88777",NA,c(31.34, 30.87)
2560,"TO04001600017","TO04",16,"TO0416","TSHE",2012,35,"1","18,1","257,3042923","regular","TO04001500023","TO04",15,"TO0415",4526,"TSHE",2012,35,"1","37,6","1110,364507","regular","TO04","25,25",3,"46,7403","121,88845",NA,c(18.51, 26)
2560,"TO04001600017","TO04",16,"TO0416","TSHE",2012,35,"1","18,1","257,3042923","regular","TO04001500024","TO04",15,"TO0415",4527,"TSHE",1993,16,"6","100,8","7980,147995","regular","TO04","25,25",3,"46,7403","121,88845",NA,c(18.51, 26)
2560,"TO04001600017","TO04",16,"TO0416","TSHE",2012,35,"1","18,1","257,3042923","regular","TO04001600017","TO04",16,"TO0416",2560,"TSHE",2012,35,"1","18,1","257,3042923","regular","TO04","25,25",3,"46,7403","121,88845",NA,c(18.51, 26)
2875,"TO04000500026","TO04",5,"TO045","TSHE",2012,35,"1","22,7","404,7078196","regular","TO04000500004","TO04",5,"TO045",4447,"TSHE",1987,10,"6","59,4","2771,167464","regular","TO04","75,75",9,"46,74075","121,88766",NA,c(66.61, 92.72)
2875,"TO04000500026","TO04",5,"TO045","TSHE",2012,35,"1","22,7","404,7078196","regular","TO04000500005","TO04",5,"TO045",4448,"TABR",2012,35,"1","23,9","448,6272849","regular","TO04","75,75",9,"46,74075","121,88766",NA,c(66.61, 92.72)
2875,"TO04000500026","TO04",5,"TO045","TSHE",2012,35,"1","22,7","404,7078196","regular","TO04000500019","TO04",5,"TO045",437,"ABAM",2012,35,"1","34,3","924,0130853","regular","TO04","75,75",9,"46,74075","121,88766",NA,c(66.61, 92.72)
2875,"TO04000500026","TO04",5,"TO045","TSHE",2012,35,"1","22,7","404,7078196","regular","TO04000500026","TO04",5,"TO045",2875,"TSHE",2012,35,"1","22,7","404,7078196","regular","TO04","75,75",9,"46,74075","121,88766",NA,c(66.61, 92.72)
3636,"TO04001400024","TO04",14,"TO0414","TSHE",2012,35,"1","19","283,528737","regular","TO04001400009","TO04",14,"TO0414",4691,"ABGR",1998,21,"6","32,6","834,6897521","regular","TO04","25,25",1,"46,7401","121,8885",NA,c(28.04, 16.45)
3636,"TO04001400024","TO04",14,"TO0414","TSHE",2012,35,"1","19","283,528737","regular","TO04001400015","TO04",14,"TO0414",4697,"TSHE",2012,35,"6","15,3","183,8538561","regular","TO04","25,25",1,"46,7401","121,8885",NA,c(28.04, 16.45)
3636,"TO04001400024","TO04",14,"TO0414","TSHE",2012,35,"1","19","283,528737","regular","TO04001400016","TO04",14,"TO0414",4698,"TSHE",1983,6,"6","29,9","702,1538121","regular","TO04","25,25",1,"46,7401","121,8885",NA,c(28.04, 16.45)
3636,"TO04001400024","TO04",14,"TO0414","TSHE",2012,35,"1","19","283,528737","regular","TO04001400017","TO04",14,"TO0414",4699,"ABAM",1993,16,"6","11,5","103,8689071","small","TO04","25,25",1,"46,7401","121,8885",NA,c(28.04, 16.45)
3636,"TO04001400024","TO04",14,"TO0414","TSHE",2012,35,"1","19","283,528737","regular","TO04001400024","TO04",14,"TO0414",3636,"TSHE",2012,35,"1","19","283,528737","regular","TO04","25,25",1,"46,7401","121,8885",NA,c(28.04, 16.45)
3636,"TO04001400024","TO04",14,"TO0414","TSHE",2012,35,"1","19","283,528737","regular","TO04001400029","TO04",14,"TO0414",2500,"TSHE",2012,35,"1","9,7","73,89811319","small","TO04","25,25",1,"46,7401","121,8885",NA,c(28.04, 16.45)
3636,"TO04001400024","TO04",14,"TO0414","TSHE",2012,35,"1","19","283,528737","regular","TO04001400039","TO04",14,"TO0414",2764,"TSHE",2012,35,"1","12,8","128,6796351","small","TO04","25,25",1,"46,7401","121,8885",NA,c(28.04, 16.45)
3652,"TO04000700032","TO04",7,"TO047","ABAM",2012,35,"1","17,7","246,0573906","regular","TO04000500028","TO04",5,"TO045",2232,"ABAM",2017,40,"2","16,3","208,672438","regular","TO04","75,75",7,"46,74078","121,88769",NA,c(78.15, 94.39)
3652,"TO04000700032","TO04",7,"TO047","ABAM",2012,35,"1","17,7","246,0573906","regular","TO04000700003","TO04",7,"TO047",4604,"TSHE",1981,4,"6","67,9","3621,007547","regular","TO04","75,75",7,"46,74078","121,88769",NA,c(78.15, 94.39)
3652,"TO04000700032","TO04",7,"TO047","ABAM",2012,35,"1","17,7","246,0573906","regular","TO04000700011","TO04",7,"TO047",4613,"ABAM",2008,31,"6","35,2","973,1397404","regular","TO04","75,75",7,"46,74078","121,88769",NA,c(78.15, 94.39)
3652,"TO04000700032","TO04",7,"TO047","ABAM",2012,35,"1","17,7","246,0573906","regular","TO04000700029","TO04",7,"TO047",3649,"TSHE",2008,31,"6","11,7","107,5131546","small","TO04","75,75",7,"46,74078","121,88769",NA,c(78.15, 94.39)
3652,"TO04000700032","TO04",7,"TO047","ABAM",2012,35,"1","17,7","246,0573906","regular","TO04000700030","TO04",7,"TO047",3650,"ABAM",2008,31,"6","6,7","35,25652355","small","TO04","75,75",7,"46,74078","121,88769",NA,c(78.15, 94.39)
3652,"TO04000700032","TO04",7,"TO047","ABAM",2012,35,"1","17,7","246,0573906","regular","TO04000700031","TO04",7,"TO047",3651,"ABAM",2008,31,"6","10,5","86,59014751","small","TO04","75,75",7,"46,74078","121,88769",NA,c(78.15, 94.39)
3652,"TO04000700032","TO04",7,"TO047","ABAM",2012,35,"1","17,7","246,0573906","regular","TO04000700032","TO04",7,"TO047",3652,"ABAM",2012,35,"1","17,7","246,0573906","regular","TO04","75,75",7,"46,74078","121,88769",NA,c(78.15, 94.39)
3652,"TO04000700032","TO04",7,"TO047","ABAM",2012,35,"1","17,7","246,0573906","regular","TO04000700034","TO04",7,"TO047",41,"TSHE",1998,21,"2","5,1","20,42820623","small","TO04","75,75",7,"46,74078","121,88769",NA,c(78.15, 94.39)
3652,"TO04000700032","TO04",7,"TO047","ABAM",2012,35,"1","17,7","246,0573906","regular","TO04000700037","TO04",7,"TO047",347,"ABAM",2012,35,"1","8,4","55,41769441","small","TO04","75,75",7,"46,74078","121,88769",NA,c(78.15, 94.39)
3652,"TO04000700032","TO04",7,"TO047","ABAM",2012,35,"1","17,7","246,0573906","regular","TO04000700038","TO04",7,"TO047",3653,"TSHE",2008,31,"6","13","132,7322896","small","TO04","75,75",7,"46,74078","121,88769",NA,c(78.15, 94.39)
3652,"TO04000700032","TO04",7,"TO047","ABAM",2012,35,"1","17,7","246,0573906","regular","TO04000700039","TO04",7,"TO047",3654,"ABAM",2012,35,"1","14,5","165,1299639","regular","TO04","75,75",7,"46,74078","121,88769",NA,c(78.15, 94.39)
3652,"TO04000700032","TO04",7,"TO047","ABAM",2012,35,"1","17,7","246,0573906","regular","TO04000700040","TO04",7,"TO047",3655,"TSHE",2008,31,"6","8","50,26548246","small","TO04","75,75",7,"46,74078","121,88769",NA,c(78.15, 94.39)
3652,"TO04000700032","TO04",7,"TO047","ABAM",2012,35,"1","17,7","246,0573906","regular","TO04000700041","TO04",7,"TO047",3656,"TSHE",2008,31,"6","6,7","35,25652355","small","TO04","75,75",7,"46,74078","121,88769",NA,c(78.15, 94.39)
3652,"TO04000700032","TO04",7,"TO047","ABAM",2012,35,"1","17,7","246,0573906","regular","TO04000700042","TO04",7,"TO047",3657,"TSHE",2012,35,"1","12,5","122,718463","small","TO04","75,75",7,"46,74078","121,88769",NA,c(78.15, 94.39)
3802,"AV06000100028","AV06",1,"AV061","ABAM",2012,35,"1","21,3","356,3272928","regular","AV06000100003","AV06",1,"AV061",5252,"ABAM",2012,35,"1","29,4","678,8667565","regular","AV06","25,75",18,"46,77658","121,78401",NA,c(15.94, 96.1)
3802,"AV06000100028","AV06",1,"AV061","ABAM",2012,35,"1","21,3","356,3272928","regular","AV06000100004","AV06",1,"AV061",5253,"TSHE",2012,35,"1","21,5","363,050301","regular","AV06","25,75",18,"46,77658","121,78401",NA,c(15.94, 96.1)
3802,"AV06000100028","AV06",1,"AV061","ABAM",2012,35,"1","21,3","356,3272928","regular","AV06000100005","AV06",1,"AV061",5254,"TSHE",1988,11,"6","105,4","8725,113861","regular","AV06","25,75",18,"46,77658","121,78401",NA,c(15.94, 96.1)
3802,"AV06000100028","AV06",1,"AV061","ABAM",2012,35,"1","21,3","356,3272928","regular","AV06000100028","AV06",1,"AV061",3802,"ABAM",2012,35,"1","21,3","356,3272928","regular","AV06","25,75",18,"46,77658","121,78401",NA,c(15.94, 96.1)
3802,"AV06000100028","AV06",1,"AV061","ABAM",2012,35,"1","21,3","356,3272928","regular","AV06000100034","AV06",1,"AV061",1965,"ABAM",2017,40,"1","23,1","419,096314","regular","AV06","25,75",18,"46,77658","121,78401",NA,c(15.94, 96.1)
3802,"AV06000100028","AV06",1,"AV061","ABAM",2012,35,"1","21,3","356,3272928","regular","AV06000100045","AV06",1,"AV061",757,"ABAM",2017,40,"2","17,7","246,0573906","regular","AV06","25,75",18,"46,77658","121,78401",NA,c(15.94, 96.1)
3839,"AV06001100073","AV06",11,"AV0611","ABAM",2012,35,"1","8","50,26548246","small","AV06001100020","AV06",11,"AV0611",5643,"ABAM",2012,35,"1","17,9","251,6494255","regular","AV06","75,25",12,"46,77592","121,78419",NA,c(53.94, 36.81)
3839,"AV06001100073","AV06",11,"AV0611","ABAM",2012,35,"1","8","50,26548246","small","AV06001100021","AV06",11,"AV0611",5644,"ABAM",2012,35,"1","10,1","80,11846665","small","AV06","75,25",12,"46,77592","121,78419",NA,c(53.94, 36.81)
3839,"AV06001100073","AV06",11,"AV0611","ABAM",2012,35,"1","8","50,26548246","small","AV06001100022","AV06",11,"AV0611",5645,"ABAM",2012,35,"1","13,6","145,2672443","small","AV06","75,25",12,"46,77592","121,78419",NA,c(53.94, 36.81)
3839,"AV06001100073","AV06",11,"AV0611","ABAM",2012,35,"1","8","50,26548246","small","AV06001100029","AV06",11,"AV0611",5652,"TSHE",2012,35,"1","9,7","73,89811319","small","AV06","75,25",12,"46,77592","121,78419",NA,c(53.94, 36.81)
3839,"AV06001100073","AV06",11,"AV0611","ABAM",2012,35,"1","8","50,26548246","small","AV06001100030","AV06",11,"AV0611",5653,"ABAM",2012,35,"1","12","113,0973355","small","AV06","75,25",12,"46,77592","121,78419",NA,c(53.94, 36.81)
3839,"AV06001100073","AV06",11,"AV0611","ABAM",2012,35,"1","8","50,26548246","small","AV06001100031","AV06",11,"AV0611",5654,"ABAM",2012,35,"1","10,4","84,94866535","small","AV06","75,25",12,"46,77592","121,78419",NA,c(53.94, 36.81)
3839,"AV06001100073","AV06",11,"AV0611","ABAM",2012,35,"1","8","50,26548246","small","AV06001100032","AV06",11,"AV0611",5655,"ABAM",2012,35,"1","10","78,53981634","small","AV06","75,25",12,"46,77592","121,78419",NA,c(53.94, 36.81)
3839,"AV06001100073","AV06",11,"AV0611","ABAM",2012,35,"1","8","50,26548246","small","AV06001100033","AV06",11,"AV0611",5656,"TSHE",2012,35,"1","13,2","136,847776","small","AV06","75,25",12,"46,77592","121,78419",NA,c(53.94, 36.81)
3839,"AV06001100073","AV06",11,"AV0611","ABAM",2012,35,"1","8","50,26548246","small","AV06001100034","AV06",11,"AV0611",5657,"TSHE",2012,35,"1","22","380,1327111","regular","AV06","75,25",12,"46,77592","121,78419",NA,c(53.94, 36.81)
3839,"AV06001100073","AV06",11,"AV0611","ABAM",2012,35,"1","8","50,26548246","small","AV06001100045","AV06",11,"AV0611",5668,"ABAM",2012,35,"1","36,9","1069,405993","regular","AV06","75,25",12,"46,77592","121,78419",NA,c(53.94, 36.81)
3839,"AV06001100073","AV06",11,"AV0611","ABAM",2012,35,"1","8","50,26548246","small","AV06001100046","AV06",11,"AV0611",5669,"ABAM",2012,35,"1","38,6","1170,211848","regular","AV06","75,25",12,"46,77592","121,78419",NA,c(53.94, 36.81)
3839,"AV06001100073","AV06",11,"AV0611","ABAM",2012,35,"1","8","50,26548246","small","AV06001100060","AV06",11,"AV0611",422,"TSHE",2012,35,"1","8,3","54,10607948","small","AV06","75,25",12,"46,77592","121,78419",NA,c(53.94, 36.81)
3839,"AV06001100073","AV06",11,"AV0611","ABAM",2012,35,"1","8","50,26548246","small","AV06001100061","AV06",11,"AV0611",423,"ABAM",2012,35,"1","9,4","69,39778172","small","AV06","75,25",12,"46,77592","121,78419",NA,c(53.94, 36.81)
3839,"AV06001100073","AV06",11,"AV0611","ABAM",2012,35,"1","8","50,26548246","small","AV06001100073","AV06",11,"AV0611",3839,"ABAM",2012,35,"1","8","50,26548246","small","AV06","75,25",12,"46,77592","121,78419",NA,c(53.94, 36.81)
3839,"AV06001100073","AV06",11,"AV0611","ABAM",2012,35,"1","8","50,26548246","small","AV06001100074","AV06",11,"AV0611",3840,"TSHE",2012,35,"1","9,2","66,47610055","small","AV06","75,25",12,"46,77592","121,78419",NA,c(53.94, 36.81)
3839,"AV06001100073","AV06",11,"AV0611","ABAM",2012,35,"1","8","50,26548246","small","AV06001100095","AV06",11,"AV0611",1980,"TSHE",2017,40,"1","5,3","22,06183441","small","AV06","75,25",12,"46,77592","121,78419",NA,c(53.94, 36.81)
3839,"AV06001100073","AV06",11,"AV0611","ABAM",2012,35,"1","8","50,26548246","small","AV06001300010","AV06",13,"AV0613",5714,"ABAM",2012,35,"1","27,3","585,3493972","regular","AV06","75,25",12,"46,77592","121,78419",NA,c(53.94, 36.81)
3839,"AV06001100073","AV06",11,"AV0611","ABAM",2012,35,"1","8","50,26548246","small","AV06001300028","AV06",13,"AV0613",426,"ABAM",2012,35,"1","22,5","397,6078202","regular","AV06","75,25",12,"46,77592","121,78419",NA,c(53.94, 36.81)
3839,"AV06001100073","AV06",11,"AV0611","ABAM",2012,35,"1","8","50,26548246","small","AV06001300031","AV06",13,"AV0613",6100,"ABAM",2012,35,"1","17,1","229,658277","regular","AV06","75,25",12,"46,77592","121,78419",NA,c(53.94, 36.81)
3845,"AV06001000029","AV06",10,"AV0610","ABAM",2012,35,"1","20,3","323,6547292","regular","AV06001000005","AV06",10,"AV0610",5603,"PSME",2012,35,"1","137,8","14913,80006","regular","AV06","75,25",11,"46,77564","121,78418",NA,c(88.29, 13.31)
3845,"AV06001000029","AV06",10,"AV0610","ABAM",2012,35,"1","20,3","323,6547292","regular","AV06001000007","AV06",10,"AV0610",5605,"TSHE",2012,35,"1","25,9","526,852942","regular","AV06","75,25",11,"46,77564","121,78418",NA,c(88.29, 13.31)
3845,"AV06001000029","AV06",10,"AV0610","ABAM",2012,35,"1","20,3","323,6547292","regular","AV06001000026","AV06",10,"AV0610",5885,"ABAM",1998,21,"6","67","3525,652355","regular","AV06","75,25",11,"46,77564","121,78418",NA,c(88.29, 13.31)
3845,"AV06001000029","AV06",10,"AV0610","ABAM",2012,35,"1","20,3","323,6547292","regular","AV06001000029","AV06",10,"AV0610",3845,"ABAM",2012,35,"1","20,3","323,6547292","regular","AV06","75,25",11,"46,77564","121,78418",NA,c(88.29, 13.31)
4393,"TO04000200006","TO04",2,"TO042","ABAM",2012,35,"1","32,4","824,479576","regular","TO04000200003","TO04",2,"TO042",4390,"TSHE",2012,35,"1","20,7","336,535259","regular","TO04","25,75",5,"46,74098","121,88853",NA,c(8.69, 69.37)
4393,"TO04000200006","TO04",2,"TO042","ABAM",2012,35,"1","32,4","824,479576","regular","TO04000200004","TO04",2,"TO042",4391,"TSHE",2008,31,"6","21,5","363,050301","regular","TO04","25,75",5,"46,74098","121,88853",NA,c(8.69, 69.37)
4393,"TO04000200006","TO04",2,"TO042","ABAM",2012,35,"1","32,4","824,479576","regular","TO04000200005","TO04",2,"TO042",4392,"TSHE",2012,35,"1","42,6","1425,309171","regular","TO04","25,75",5,"46,74098","121,88853",NA,c(8.69, 69.37)
4393,"TO04000200006","TO04",2,"TO042","ABAM",2012,35,"1","32,4","824,479576","regular","TO04000200006","TO04",2,"TO042",4393,"ABAM",2012,35,"1","32,4","824,479576","regular","TO04","25,75",5,"46,74098","121,88853",NA,c(8.69, 69.37)
4393,"TO04000200006","TO04",2,"TO042","ABAM",2012,35,"1","32,4","824,479576","regular","TO04000200027","TO04",2,"TO042",2225,"ABAM",2017,40,"2","16,1","203,5830579","regular","TO04","25,75",5,"46,74098","121,88853",NA,c(8.69, 69.37)
4407,"TO04000200020","TO04",2,"TO042","TSHE",2012,35,"1","39,6","1231,629984","regular","TO04000200020","TO04",2,"TO042",4407,"TSHE",2012,35,"1","39,6","1231,629984","regular","TO04","25,75",4,"46,74046","121,88864",NA,c(2.4, 51.48)
5323,"AV06000300025","AV06",3,"AV063","TSHE",2012,35,"1","19","283,528737","regular","AV06000300016","AV06",3,"AV063",5314,"ABAM",2012,35,"1","17,9","251,6494255","regular","AV06","25,75",16,"46,77644","121,78392",NA,c(35.25, 86.42)
5323,"AV06000300025","AV06",3,"AV063","TSHE",2012,35,"1","19","283,528737","regular","AV06000300021","AV06",3,"AV063",5319,"ABAM",2012,35,"1","18,8","277,5911269","regular","AV06","25,75",16,"46,77644","121,78392",NA,c(35.25, 86.42)
5323,"AV06000300025","AV06",3,"AV063","TSHE",2012,35,"1","19","283,528737","regular","AV06000300022","AV06",3,"AV063",5320,"ABAM",1993,16,"6","16,4","211,24069","regular","AV06","25,75",16,"46,77644","121,78392",NA,c(35.25, 86.42)
5323,"AV06000300025","AV06",3,"AV063","TSHE",2012,35,"1","19","283,528737","regular","AV06000300023","AV06",3,"AV063",5321,"ABAM",1993,16,"6","15,8","196,0667975","regular","AV06","25,75",16,"46,77644","121,78392",NA,c(35.25, 86.42)
5323,"AV06000300025","AV06",3,"AV063","TSHE",2012,35,"1","19","283,528737","regular","AV06000300024","AV06",3,"AV063",5322,"TSHE",2007,30,"6","20","314,1592654","regular","AV06","25,75",16,"46,77644","121,78392",NA,c(35.25, 86.42)
5323,"AV06000300025","AV06",3,"AV063","TSHE",2012,35,"1","19","283,528737","regular","AV06000300025","AV06",3,"AV063",5323,"TSHE",2012,35,"1","19","283,528737","regular","AV06","25,75",16,"46,77644","121,78392",NA,c(35.25, 86.42)
5323,"AV06000300025","AV06",3,"AV063","TSHE",2012,35,"1","19","283,528737","regular","AV06000300026","AV06",3,"AV063",5324,"TSHE",2012,35,"1","36,1","1023,538741","regular","AV06","25,75",16,"46,77644","121,78392",NA,c(35.25, 86.42)
5323,"AV06000300025","AV06",3,"AV063","TSHE",2012,35,"1","19","283,528737","regular","AV06000300027","AV06",3,"AV063",5325,"TSHE",2012,35,"6","16,5","213,82465","regular","AV06","25,75",16,"46,77644","121,78392",NA,c(35.25, 86.42)
5323,"AV06000300025","AV06",3,"AV063","TSHE",2012,35,"1","19","283,528737","regular","AV06000300031","AV06",3,"AV063",5329,"ABAM",2007,30,"6","10,5","86,59014751","small","AV06","25,75",16,"46,77644","121,78392",NA,c(35.25, 86.42)
5323,"AV06000300025","AV06",3,"AV063","TSHE",2012,35,"1","19","283,528737","regular","AV06000300044","AV06",3,"AV063",5345,"ABAM",2012,35,"1","8,2","52,81017251","small","AV06","25,75",16,"46,77644","121,78392",NA,c(35.25, 86.42)
5323,"AV06000300025","AV06",3,"AV063","TSHE",2012,35,"1","19","283,528737","regular","AV06000300045","AV06",3,"AV063",5346,"ABAM",2012,35,"1","11,2","98,52034562","small","AV06","25,75",16,"46,77644","121,78392",NA,c(35.25, 86.42)
5323,"AV06000300025","AV06",3,"AV063","TSHE",2012,35,"1","19","283,528737","regular","AV06000300046","AV06",3,"AV063",5347,"TSHE",2012,35,"1","11,1","96,76890771","small","AV06","25,75",16,"46,77644","121,78392",NA,c(35.25, 86.42)
5323,"AV06000300025","AV06",3,"AV063","TSHE",2012,35,"1","19","283,528737","regular","AV06000300079","AV06",3,"AV063",5410,"ABAM",1993,16,"6","7,7","46,56625711","small","AV06","25,75",16,"46,77644","121,78392",NA,c(35.25, 86.42)
5323,"AV06000300025","AV06",3,"AV063","TSHE",2012,35,"1","19","283,528737","regular","AV06000300098","AV06",3,"AV063",354,"ABAM",2012,35,"1","8,9","62,21138852","small","AV06","25,75",16,"46,77644","121,78392",NA,c(35.25, 86.42)
5323,"AV06000300025","AV06",3,"AV063","TSHE",2012,35,"1","19","283,528737","regular","AV06000300099","AV06",3,"AV063",355,"TSHE",2007,30,"6","7,9","49,01669938","small","AV06","25,75",16,"46,77644","121,78392",NA,c(35.25, 86.42)
5353,"AV06000300052","AV06",3,"AV063","TSHE",2012,35,"1","21","346,3605901","regular","AV06000100022","AV06",1,"AV061",5272,"TSHE",1998,21,"6","36,1","1023,538741","regular","AV06","25,75",17,"46,77641","121,78405",NA,c(25.58, 80.59)
5353,"AV06000300052","AV06",3,"AV063","TSHE",2012,35,"1","21","346,3605901","regular","AV06000100037","AV06",1,"AV061",1038,"ABAM",2012,35,"2","17,2","232,3521927","regular","AV06","25,75",17,"46,77641","121,78405",NA,c(25.58, 80.59)
5353,"AV06000300052","AV06",3,"AV063","TSHE",2012,35,"1","21","346,3605901","regular","AV06000300047","AV06",3,"AV063",5348,"ABAM",2012,35,"1","8,3","54,10607948","small","AV06","25,75",17,"46,77641","121,78405",NA,c(25.58, 80.59)
5353,"AV06000300052","AV06",3,"AV063","TSHE",2012,35,"1","21","346,3605901","regular","AV06000300049","AV06",3,"AV063",5350,"ABAM",2012,35,"1","23,6","437,4353611","regular","AV06","25,75",17,"46,77641","121,78405",NA,c(25.58, 80.59)
5353,"AV06000300052","AV06",3,"AV063","TSHE",2012,35,"1","21","346,3605901","regular","AV06000300050","AV06",3,"AV063",5351,"ABAM",2007,30,"6","20,2","320,4738666","regular","AV06","25,75",17,"46,77641","121,78405",NA,c(25.58, 80.59)
5353,"AV06000300052","AV06",3,"AV063","TSHE",2012,35,"1","21","346,3605901","regular","AV06000300051","AV06",3,"AV063",5352,"ABAM",2012,35,"6","14,8","172,0336137","small","AV06","25,75",17,"46,77641","121,78405",NA,c(25.58, 80.59)
5353,"AV06000300052","AV06",3,"AV063","TSHE",2012,35,"1","21","346,3605901","regular","AV06000300052","AV06",3,"AV063",5353,"TSHE",2012,35,"1","21","346,3605901","regular","AV06","25,75",17,"46,77641","121,78405",NA,c(25.58, 80.59)
5353,"AV06000300052","AV06",3,"AV063","TSHE",2012,35,"1","21","346,3605901","regular","AV06000300053","AV06",3,"AV063",5354,"ABAM",2007,30,"6","10","78,53981634","small","AV06","25,75",17,"46,77641","121,78405",NA,c(25.58, 80.59)
5353,"AV06000300052","AV06",3,"AV063","TSHE",2012,35,"1","21","346,3605901","regular","AV06000300054","AV06",3,"AV063",5355,"ABAM",2012,35,"1","15,2","181,4583917","regular","AV06","25,75",17,"46,77641","121,78405",NA,c(25.58, 80.59)
5353,"AV06000300052","AV06",3,"AV063","TSHE",2012,35,"1","21","346,3605901","regular","AV06000300056","AV06",3,"AV063",5358,"TSHE",2012,35,"1","33","855,2985999","regular","AV06","25,75",17,"46,77641","121,78405",NA,c(25.58, 80.59)
5353,"AV06000300052","AV06",3,"AV063","TSHE",2012,35,"1","21","346,3605901","regular","AV06000300112","AV06",3,"AV063",6083,"ABAM",2017,40,"1","6,4","32,16990877","small","AV06","25,75",17,"46,77641","121,78405",NA,c(25.58, 80.59)
5353,"AV06000300052","AV06",3,"AV063","TSHE",2012,35,"1","21","346,3605901","regular","AV06000300114","AV06",3,"AV063",6085,"ABAM",2012,35,"1","6,4","32,16990877","small","AV06","25,75",17,"46,77641","121,78405",NA,c(25.58, 80.59)
5353,"AV06000300052","AV06",3,"AV063","TSHE",2012,35,"1","21","346,3605901","regular","AV06000300127","AV06",3,"AV063",1995,"ABAM",2017,40,"1","6,4","32,16990877","small","AV06","25,75",17,"46,77641","121,78405",NA,c(25.58, 80.59)
5683,"AV06001200003","AV06",12,"AV0612","TSHE",2012,35,"1","34,2","918,6331078","regular","AV06001200002","AV06",12,"AV0612",5682,"ABAM",2012,35,"1","46,3","1683,650189","regular","AV06","75,25",10,"46,7757","121,78422",NA,c(69.02, 18.82)
5683,"AV06001200003","AV06",12,"AV0612","TSHE",2012,35,"1","34,2","918,6331078","regular","AV06001200003","AV06",12,"AV0612",5683,"TSHE",2012,35,"1","34,2","918,6331078","regular","AV06","75,25",10,"46,7757","121,78422",NA,c(69.02, 18.82)
5683,"AV06001200003","AV06",12,"AV0612","TSHE",2012,35,"1","34,2","918,6331078","regular","AV06001200004","AV06",12,"AV0612",5684,"TSHE",2012,35,"1","27","572,5552611","regular","AV06","75,25",10,"46,7757","121,78422",NA,c(69.02, 18.82)
5683,"AV06001200003","AV06",12,"AV0612","TSHE",2012,35,"1","34,2","918,6331078","regular","AV06001200005","AV06",12,"AV0612",5685,"ABAM",1993,16,"6","33,7","891,9688402","regular","AV06","75,25",10,"46,7757","121,78422",NA,c(69.02, 18.82)
5683,"AV06001200003","AV06",12,"AV0612","TSHE",2012,35,"1","34,2","918,6331078","regular","AV06001200038","AV06",12,"AV0612",3842,"TSHE",2012,35,"6","15,9","198,5565097","regular","AV06","75,25",10,"46,7757","121,78422",NA,c(69.02, 18.82)
5683,"AV06001200003","AV06",12,"AV0612","TSHE",2012,35,"1","34,2","918,6331078","regular","AV06001200040","AV06",12,"AV0612",1928,"TSHE",2017,40,"1","19,1","286,521104","regular","AV06","75,25",10,"46,7757","121,78422",NA,c(69.02, 18.82)
5727,"AV06001300023","AV06",13,"AV0613","ABAM",2012,35,"1","34,6","940,2472653","regular","AV06001300020","AV06",13,"AV0613",5724,"ABAM",2012,35,"1","52,5","2164,753688","regular","AV06","25,25",13,"46,77608","121,78452",NA,c(32.57, 32.26)
5727,"AV06001300023","AV06",13,"AV0613","ABAM",2012,35,"1","34,6","940,2472653","regular","AV06001300021","AV06",13,"AV0613",5725,"ABAM",2012,35,"1","19,9","311,0255267","regular","AV06","25,25",13,"46,77608","121,78452",NA,c(32.57, 32.26)
5727,"AV06001300023","AV06",13,"AV0613","ABAM",2012,35,"1","34,6","940,2472653","regular","AV06001300022","AV06",13,"AV0613",5726,"TSHE",2012,35,"1","40,8","1307,405199","regular","AV06","25,25",13,"46,77608","121,78452",NA,c(32.57, 32.26)
5727,"AV06001300023","AV06",13,"AV0613","ABAM",2012,35,"1","34,6","940,2472653","regular","AV06001300023","AV06",13,"AV0613",5727,"ABAM",2012,35,"1","34,6","940,2472653","regular","AV06","25,25",13,"46,77608","121,78452",NA,c(32.57, 32.26)
5727,"AV06001300023","AV06",13,"AV0613","ABAM",2012,35,"1","34,6","940,2472653","regular","AV06001300024","AV06",13,"AV0613",5728,"TSHE",1998,21,"6","110,9","9659,462786","regular","AV06","25,25",13,"46,77608","121,78452",NA,c(32.57, 32.26)
5757,"AV06001400027","AV06",14,"AV0614","TSHE",2012,35,"1","27,2","581,0689772","regular","AV06001400027","AV06",14,"AV0614",5757,"TSHE",2012,35,"1","27,2","581,0689772","regular","AV06","25,25",14,"46,77587","121,78464",NA,c(31.44, 6.14)
5757,"AV06001400027","AV06",14,"AV0614","TSHE",2012,35,"1","27,2","581,0689772","regular","AV06001400028","AV06",14,"AV0614",5758,"ABAM",2012,35,"1","24,5","471,4352476","regular","AV06","25,25",14,"46,77587","121,78464",NA,c(31.44, 6.14)
5757,"AV06001400027","AV06",14,"AV0614","TSHE",2012,35,"1","27,2","581,0689772","regular","AV06001400041","AV06",14,"AV0614",696,"TSHE",2012,35,"1","18,4","265,9044022","regular","AV06","25,25",14,"46,77587","121,78464",NA,c(31.44, 6.14)
5837,"AV06001600054","AV06",16,"AV0616","TSHE",2012,35,"1","35,8","1006,597702","regular","AV06001600038","AV06",16,"AV0616",5821,"ABAM",2012,35,"1","9,9","76,97687399","small","AV06","25,25",15,"46,776","121,78482",NA,c(13.53, 10.24)
5837,"AV06001600054","AV06",16,"AV0616","TSHE",2012,35,"1","35,8","1006,597702","regular","AV06001600039","AV06",16,"AV0616",5822,"ABAM",2012,35,"1","6,8","36,31681108","small","AV06","25,25",15,"46,776","121,78482",NA,c(13.53, 10.24)
5837,"AV06001600054","AV06",16,"AV0616","TSHE",2012,35,"1","35,8","1006,597702","regular","AV06001600040","AV06",16,"AV0616",5823,"TSHE",2012,35,"1","42,4","1411,957402","regular","AV06","25,25",15,"46,776","121,78482",NA,c(13.53, 10.24)
5837,"AV06001600054","AV06",16,"AV0616","TSHE",2012,35,"1","35,8","1006,597702","regular","AV06001600041","AV06",16,"AV0616",5824,"TSHE",2012,35,"1","10,5","86,59014751","small","AV06","25,25",15,"46,776","121,78482",NA,c(13.53, 10.24)
5837,"AV06001600054","AV06",16,"AV0616","TSHE",2012,35,"1","35,8","1006,597702","regular","AV06001600042","AV06",16,"AV0616",5825,"TSHE",2012,35,"1","45,2","1604,599864","regular","AV06","25,25",15,"46,776","121,78482",NA,c(13.53, 10.24)
5837,"AV06001600054","AV06",16,"AV0616","TSHE",2012,35,"1","35,8","1006,597702","regular","AV06001600043","AV06",16,"AV0616",5826,"ABAM",2007,30,"6","13,6","145,2672443","small","AV06","25,25",15,"46,776","121,78482",NA,c(13.53, 10.24)
5837,"AV06001600054","AV06",16,"AV0616","TSHE",2012,35,"1","35,8","1006,597702","regular","AV06001600046","AV06",16,"AV0616",5829,"TSHE",2007,30,"6","19","283,528737","regular","AV06","25,25",15,"46,776","121,78482",NA,c(13.53, 10.24)
5837,"AV06001600054","AV06",16,"AV0616","TSHE",2012,35,"1","35,8","1006,597702","regular","AV06001600051","AV06",16,"AV0616",5834,"ABAM",2012,35,"1","44","1520,530844","regular","AV06","25,25",15,"46,776","121,78482",NA,c(13.53, 10.24)
5837,"AV06001600054","AV06",16,"AV0616","TSHE",2012,35,"1","35,8","1006,597702","regular","AV06001600052","AV06",16,"AV0616",5835,"TSHE",2012,35,"1","27,3","585,3493972","regular","AV06","25,25",15,"46,776","121,78482",NA,c(13.53, 10.24)
5837,"AV06001600054","AV06",16,"AV0616","TSHE",2012,35,"1","35,8","1006,597702","regular","AV06001600053","AV06",16,"AV0616",5836,"TSHE",2012,35,"1","8,9","62,21138852","small","AV06","25,25",15,"46,776","121,78482",NA,c(13.53, 10.24)
5837,"AV06001600054","AV06",16,"AV0616","TSHE",2012,35,"1","35,8","1006,597702","regular","AV06001600054","AV06",16,"AV0616",5837,"TSHE",2012,35,"1","35,8","1006,597702","regular","AV06","25,25",15,"46,776","121,78482",NA,c(13.53, 10.24)
5837,"AV06001600054","AV06",16,"AV0616","TSHE",2012,35,"1","35,8","1006,597702","regular","AV06001600055","AV06",16,"AV0616",5838,"ABAM",2012,35,"1","7,5","44,17864669","small","AV06","25,25",15,"46,776","121,78482",NA,c(13.53, 10.24)
5837,"AV06001600054","AV06",16,"AV0616","TSHE",2012,35,"1","35,8","1006,597702","regular","AV06001600056","AV06",16,"AV0616",5839,"ABAM",2012,35,"1","52,4","2156,514861","regular","AV06","25,25",15,"46,776","121,78482",NA,c(13.53, 10.24)
5837,"AV06001600054","AV06",16,"AV0616","TSHE",2012,35,"1","35,8","1006,597702","regular","AV06001600057","AV06",16,"AV0616",5840,"ABAM",1987,10,"6","6,4","32,16990877","small","AV06","25,25",15,"46,776","121,78482",NA,c(13.53, 10.24)
7178,"AE10000100024","AE10",1,"AE101","CANO",2012,35,"1","46,9","1727,569654","regular","AE10000100015","AE10",1,"AE101",7169,"CANO",2012,35,"1","53,6","2256,417508","regular","AE10","25,75",25,"46,76836","121,74344",NA,c(20.28, 84.74)
7178,"AE10000100024","AE10",1,"AE101","CANO",2012,35,"1","46,9","1727,569654","regular","AE10000100022","AE10",1,"AE101",7176,"CANO",2012,35,"1","46,5","1698,227179","regular","AE10","25,75",25,"46,76836","121,74344",NA,c(20.28, 84.74)
7178,"AE10000100024","AE10",1,"AE101","CANO",2012,35,"1","46,9","1727,569654","regular","AE10000100023","AE10",1,"AE101",7177,"ABAM",2012,35,"1","25,6","514,7185404","regular","AE10","25,75",25,"46,76836","121,74344",NA,c(20.28, 84.74)
7178,"AE10000100024","AE10",1,"AE101","CANO",2012,35,"1","46,9","1727,569654","regular","AE10000100024","AE10",1,"AE101",7178,"CANO",2012,35,"1","46,9","1727,569654","regular","AE10","25,75",25,"46,76836","121,74344",NA,c(20.28, 84.74)
7210,"AE10000200022","AE10",2,"AE102","ABAM",2012,35,"1","30,4","725,8335667","regular","AE10000200021","AE10",2,"AE102",7209,"ABAM",2012,35,"6","16,9","224,3175694","regular","AE10","25,75",26,"46,76819","121,74335",NA,c(23.4, 57.38)
7210,"AE10000200022","AE10",2,"AE102","ABAM",2012,35,"1","30,4","725,8335667","regular","AE10000200022","AE10",2,"AE102",7210,"ABAM",2012,35,"1","30,4","725,8335667","regular","AE10","25,75",26,"46,76819","121,74335",NA,c(23.4, 57.38)
7210,"AE10000200022","AE10",2,"AE102","ABAM",2012,35,"1","30,4","725,8335667","regular","AE10000200030","AE10",2,"AE102",7218,"CANO",2012,35,"1","39,7","1237,858191","regular","AE10","25,75",26,"46,76819","121,74335",NA,c(23.4, 57.38)
7210,"AE10000200022","AE10",2,"AE102","ABAM",2012,35,"1","30,4","725,8335667","regular","AE10000200031","AE10",2,"AE102",7219,"CANO",2012,35,"1","57","2551,758633","regular","AE10","25,75",26,"46,76819","121,74335",NA,c(23.4, 57.38)
7210,"AE10000200022","AE10",2,"AE102","ABAM",2012,35,"1","30,4","725,8335667","regular","AE10000200032","AE10",2,"AE102",7220,"ABAM",2012,35,"1","26,8","564,1043769","regular","AE10","25,75",26,"46,76819","121,74335",NA,c(23.4, 57.38)
7210,"AE10000200022","AE10",2,"AE102","ABAM",2012,35,"1","30,4","725,8335667","regular","AE10000200033","AE10",2,"AE102",7221,"CANO",2012,35,"1","39,9","1250,36173","regular","AE10","25,75",26,"46,76819","121,74335",NA,c(23.4, 57.38)
7210,"AE10000200022","AE10",2,"AE102","ABAM",2012,35,"1","30,4","725,8335667","regular","AE10000200035","AE10",2,"AE102",7223,"CANO",2012,35,"1","25,4","506,7074791","regular","AE10","25,75",26,"46,76819","121,74335",NA,c(23.4, 57.38)
7210,"AE10000200022","AE10",2,"AE102","ABAM",2012,35,"1","30,4","725,8335667","regular","AE10000200048","AE10",2,"AE102",158,"ABAM",2012,35,"1","17,8","248,8455541","regular","AE10","25,75",26,"46,76819","121,74335",NA,c(23.4, 57.38)
7210,"AE10000200022","AE10",2,"AE102","ABAM",2012,35,"1","30,4","725,8335667","regular","AE10000400025","AE10",4,"AE104",7299,"ABAM",2012,35,"1","16,9","224,3175694","regular","AE10","25,75",26,"46,76819","121,74335",NA,c(23.4, 57.38)
7264,"AE10000300030","AE10",3,"AE103","ABAM",2012,35,"1","48,2","1824,668429","regular","AE10000300027","AE10",3,"AE103",7261,"ABAM",2012,35,"1","58,1","2651,197894","regular","AE10","25,75",27,"46,76837","121,74338",NA,c(35.58, 81.48)
7264,"AE10000300030","AE10",3,"AE103","ABAM",2012,35,"1","48,2","1824,668429","regular","AE10000300028","AE10",3,"AE103",7262,"ABAM",1998,21,"6","65,1","3328,52527","regular","AE10","25,75",27,"46,76837","121,74338",NA,c(35.58, 81.48)
7264,"AE10000300030","AE10",3,"AE103","ABAM",2012,35,"1","48,2","1824,668429","regular","AE10000300029","AE10",3,"AE103",7263,"ABAM",2012,35,"1","52,1","2131,892629","regular","AE10","25,75",27,"46,76837","121,74338",NA,c(35.58, 81.48)
7264,"AE10000300030","AE10",3,"AE103","ABAM",2012,35,"1","48,2","1824,668429","regular","AE10000300030","AE10",3,"AE103",7264,"ABAM",2012,35,"1","48,2","1824,668429","regular","AE10","25,75",27,"46,76837","121,74338",NA,c(35.58, 81.48)
7264,"AE10000300030","AE10",3,"AE103","ABAM",2012,35,"1","48,2","1824,668429","regular","AE10000300036","AE10",3,"AE103",7271,"CANO",2012,35,"1","43,6","1493,010493","regular","AE10","25,75",27,"46,76837","121,74338",NA,c(35.58, 81.48)
7264,"AE10000300030","AE10",3,"AE103","ABAM",2012,35,"1","48,2","1824,668429","regular","AE10000300040","AE10",3,"AE103",7265,"ABAM",2007,30,"6","5,8","26,42079422","small","AE10","25,75",27,"46,76837","121,74338",NA,c(35.58, 81.48)
7346,"AE10000500041","AE10",5,"AE105","ABAM",2012,35,"1","13,7","147,4113813","small","AE10000500032","AE10",5,"AE105",7337,"ABAM",1998,21,"6","11","95,03317777","small","AE10","75,75",19,"46,76853","121,74298",NA,c(57.81, 77.4)
7346,"AE10000500041","AE10",5,"AE105","ABAM",2012,35,"1","13,7","147,4113813","small","AE10000500038","AE10",5,"AE105",7343,"ABAM",2012,35,"1","8,2","52,81017251","small","AE10","75,75",19,"46,76853","121,74298",NA,c(57.81, 77.4)
7346,"AE10000500041","AE10",5,"AE105","ABAM",2012,35,"1","13,7","147,4113813","small","AE10000500039","AE10",5,"AE105",7344,"ABAM",2012,35,"1","77","4656,625711","regular","AE10","75,75",19,"46,76853","121,74298",NA,c(57.81, 77.4)
7346,"AE10000500041","AE10",5,"AE105","ABAM",2012,35,"1","13,7","147,4113813","small","AE10000500040","AE10",5,"AE105",7345,"ABAM",2012,35,"1","10,1","80,11846665","small","AE10","75,75",19,"46,76853","121,74298",NA,c(57.81, 77.4)
7346,"AE10000500041","AE10",5,"AE105","ABAM",2012,35,"1","13,7","147,4113813","small","AE10000500041","AE10",5,"AE105",7346,"ABAM",2012,35,"1","13,7","147,4113813","small","AE10","75,75",19,"46,76853","121,74298",NA,c(57.81, 77.4)
7346,"AE10000500041","AE10",5,"AE105","ABAM",2012,35,"1","13,7","147,4113813","small","AE10000500042","AE10",5,"AE105",7347,"ABAM",2012,35,"1","25,7","518,7476329","regular","AE10","75,75",19,"46,76853","121,74298",NA,c(57.81, 77.4)
7346,"AE10000500041","AE10",5,"AE105","ABAM",2012,35,"1","13,7","147,4113813","small","AE10000500043","AE10",5,"AE105",7348,"ABAM",2007,30,"6","37,9","1128,153776","regular","AE10","75,75",19,"46,76853","121,74298",NA,c(57.81, 77.4)
7346,"AE10000500041","AE10",5,"AE105","ABAM",2012,35,"1","13,7","147,4113813","small","AE10000500044","AE10",5,"AE105",7349,"ABAM",2012,35,"1","7,7","46,56625711","small","AE10","75,75",19,"46,76853","121,74298",NA,c(57.81, 77.4)
7415,"AE10000700031","AE10",7,"AE107","ABAM",2012,35,"1","18,6","271,7163486","regular","AE10000700023","AE10",7,"AE107",7407,"ABAM",1998,21,"6","64,2","3237,128486","regular","AE10","75,75",20,"46,76863","121,74267",NA,c(92.47, 85)
7415,"AE10000700031","AE10",7,"AE107","ABAM",2012,35,"1","18,6","271,7163486","regular","AE10000700024","AE10",7,"AE107",7408,"ABAM",2012,35,"1","55,8","2445,447137","regular","AE10","75,75",20,"46,76863","121,74267",NA,c(92.47, 85)
7415,"AE10000700031","AE10",7,"AE107","ABAM",2012,35,"1","18,6","271,7163486","regular","AE10000700025","AE10",7,"AE107",7409,"ABAM",1986,9,"6","24,8","483,0512864","regular","AE10","75,75",20,"46,76863","121,74267",NA,c(92.47, 85)
7415,"AE10000700031","AE10",7,"AE107","ABAM",2012,35,"1","18,6","271,7163486","regular","AE10000700028","AE10",7,"AE107",7412,"ABAM",2012,35,"1","64","3216,990877","regular","AE10","75,75",20,"46,76863","121,74267",NA,c(92.47, 85)
7415,"AE10000700031","AE10",7,"AE107","ABAM",2012,35,"1","18,6","271,7163486","regular","AE10000700029","AE10",7,"AE107",7413,"CANO",2012,35,"1","29,5","683,4927517","regular","AE10","75,75",20,"46,76863","121,74267",NA,c(92.47, 85)
7415,"AE10000700031","AE10",7,"AE107","ABAM",2012,35,"1","18,6","271,7163486","regular","AE10000700030","AE10",7,"AE107",7414,"CANO",2012,35,"1","36,2","1029,217169","regular","AE10","75,75",20,"46,76863","121,74267",NA,c(92.47, 85)
7415,"AE10000700031","AE10",7,"AE107","ABAM",2012,35,"1","18,6","271,7163486","regular","AE10000700031","AE10",7,"AE107",7415,"ABAM",2012,35,"1","18,6","271,7163486","regular","AE10","75,75",20,"46,76863","121,74267",NA,c(92.47, 85)
7415,"AE10000700031","AE10",7,"AE107","ABAM",2012,35,"1","18,6","271,7163486","regular","AE10000700032","AE10",7,"AE107",7416,"ABAM",1998,21,"6","17,2","232,3521927","regular","AE10","75,75",20,"46,76863","121,74267",NA,c(92.47, 85)
7516,"AE10000900038","AE10",9,"AE109","ABAM",2012,35,"1","27,3","585,3493972","regular","AE10000900037","AE10",9,"AE109",7515,"ABAM",2012,35,"1","59,2","2752,537819","regular","AE10","75,25",24,"46,76817","121,74251",NA,c(85.1, 26.45)
7516,"AE10000900038","AE10",9,"AE109","ABAM",2012,35,"1","27,3","585,3493972","regular","AE10000900038","AE10",9,"AE109",7516,"ABAM",2012,35,"1","27,3","585,3493972","regular","AE10","75,25",24,"46,76817","121,74251",NA,c(85.1, 26.45)
7516,"AE10000900038","AE10",9,"AE109","ABAM",2012,35,"1","27,3","585,3493972","regular","AE10000900039","AE10",9,"AE109",7517,"CANO",2012,35,"1","49,5","1924,42185","regular","AE10","75,25",24,"46,76817","121,74251",NA,c(85.1, 26.45)
7516,"AE10000900038","AE10",9,"AE109","ABAM",2012,35,"1","27,3","585,3493972","regular","AE10000900040","AE10",9,"AE109",7518,"CANO",2012,35,"1","32,3","819,3980499","regular","AE10","75,25",24,"46,76817","121,74251",NA,c(85.1, 26.45)
7516,"AE10000900038","AE10",9,"AE109","ABAM",2012,35,"1","27,3","585,3493972","regular","AE10000900041","AE10",9,"AE109",7519,"CANO",2012,35,"1","49,5","1924,42185","regular","AE10","75,25",24,"46,76817","121,74251",NA,c(85.1, 26.45)
7516,"AE10000900038","AE10",9,"AE109","ABAM",2012,35,"1","27,3","585,3493972","regular","AE10000900042","AE10",9,"AE109",7520,"ABAM",2012,35,"1","61,7","2989,924414","regular","AE10","75,25",24,"46,76817","121,74251",NA,c(85.1, 26.45)
7516,"AE10000900038","AE10",9,"AE109","ABAM",2012,35,"1","27,3","585,3493972","regular","AE10000900049","AE10",9,"AE109",7813,"ABAM",2012,35,"1","22,1","383,596317","regular","AE10","75,25",24,"46,76817","121,74251",NA,c(85.1, 26.45)
7516,"AE10000900038","AE10",9,"AE109","ABAM",2012,35,"1","27,3","585,3493972","regular","AE10000900050","AE10",9,"AE109",3856,"ABAM",2012,35,"1","15,7","193,5927933","regular","AE10","75,25",24,"46,76817","121,74251",NA,c(85.1, 26.45)
7516,"AE10000900038","AE10",9,"AE109","ABAM",2012,35,"1","27,3","585,3493972","regular","AE10001000033","AE10",10,"AE1010",7814,"ABAM",2012,35,"1","18,2","260,1552876","regular","AE10","75,25",24,"46,76817","121,74251",NA,c(85.1, 26.45)
7516,"AE10000900038","AE10",9,"AE109","ABAM",2012,35,"1","27,3","585,3493972","regular","AE10001100055","AE10",11,"AE1011",254,"ABAM",2012,35,"1","6,5","33,1830724","small","AE10","75,25",24,"46,76817","121,74251",NA,c(85.1, 26.45)
7529,"AE10001000004","AE10",10,"AE1010","ABAM",2012,35,"1","71,3","3992,720789","regular","AE10000900041","AE10",9,"AE109",7519,"CANO",2012,35,"1","49,5","1924,42185","regular","AE10","75,25",23,"46,76799","121,74257",NA,c(77.43, 24.32)
7529,"AE10001000004","AE10",10,"AE1010","ABAM",2012,35,"1","71,3","3992,720789","regular","AE10000900046","AE10",9,"AE109",7524,"ABAM",2012,35,"1","52,8","2189,564416","regular","AE10","75,25",23,"46,76799","121,74257",NA,c(77.43, 24.32)
7529,"AE10001000004","AE10",10,"AE1010","ABAM",2012,35,"1","71,3","3992,720789","regular","AE10000900047","AE10",9,"AE109",7525,"CANO",2012,35,"1","48,7","1862,72097","regular","AE10","75,25",23,"46,76799","121,74257",NA,c(77.43, 24.32)
7529,"AE10001000004","AE10",10,"AE1010","ABAM",2012,35,"1","71,3","3992,720789","regular","AE10001000001","AE10",10,"AE1010",7526,"CANO",1993,16,"6","42,5","1418,625433","regular","AE10","75,25",23,"46,76799","121,74257",NA,c(77.43, 24.32)
7529,"AE10001000004","AE10",10,"AE1010","ABAM",2012,35,"1","71,3","3992,720789","regular","AE10001000002","AE10",10,"AE1010",7527,"ABAM",1998,21,"6","42,8","1438,723772","regular","AE10","75,25",23,"46,76799","121,74257",NA,c(77.43, 24.32)
7529,"AE10001000004","AE10",10,"AE1010","ABAM",2012,35,"1","71,3","3992,720789","regular","AE10001000003","AE10",10,"AE1010",7528,"CANO",2012,35,"1","39,1","1200,724566","regular","AE10","75,25",23,"46,76799","121,74257",NA,c(77.43, 24.32)
7529,"AE10001000004","AE10",10,"AE1010","ABAM",2012,35,"1","71,3","3992,720789","regular","AE10001000004","AE10",10,"AE1010",7529,"ABAM",2012,35,"1","71,3","3992,720789","regular","AE10","75,25",23,"46,76799","121,74257",NA,c(77.43, 24.32)
7529,"AE10001000004","AE10",10,"AE1010","ABAM",2012,35,"1","71,3","3992,720789","regular","AE10001100049","AE10",11,"AE1011",7608,"CANO",2012,35,"1","51,7","2099,282897","regular","AE10","75,25",23,"46,76799","121,74257",NA,c(77.43, 24.32)
7529,"AE10001000004","AE10",10,"AE1010","ABAM",2012,35,"1","71,3","3992,720789","regular","AE10001200001","AE10",12,"AE1012",7609,"ABAM",2012,35,"1","42,8","1438,723772","regular","AE10","75,25",23,"46,76799","121,74257",NA,c(77.43, 24.32)
7529,"AE10001000004","AE10",10,"AE1010","ABAM",2012,35,"1","71,3","3992,720789","regular","AE10001200002","AE10",12,"AE1012",7610,"CANO",2012,35,"1","52,2","2140,084332","regular","AE10","75,25",23,"46,76799","121,74257",NA,c(77.43, 24.32)
7584,"AE10001100025","AE10",11,"AE1011","ABAM",2012,35,"1","44","1520,530844","regular","AE10001100024","AE10",11,"AE1011",7583,"ABAM",2012,35,"1","62,5","3067,961576","regular","AE10","75,25",22,"46,76796","121,74291",NA,c(54.14, 36.35)
7584,"AE10001100025","AE10",11,"AE1011","ABAM",2012,35,"1","44","1520,530844","regular","AE10001100025","AE10",11,"AE1011",7584,"ABAM",2012,35,"1","44","1520,530844","regular","AE10","75,25",22,"46,76796","121,74291",NA,c(54.14, 36.35)
7584,"AE10001100025","AE10",11,"AE1011","ABAM",2012,35,"1","44","1520,530844","regular","AE10001100033","AE10",11,"AE1011",7592,"ABAM",2012,35,"1","39,5","1225,417484","regular","AE10","75,25",22,"46,76796","121,74291",NA,c(54.14, 36.35)
7584,"AE10001100025","AE10",11,"AE1011","ABAM",2012,35,"1","44","1520,530844","regular","AE10001100034","AE10",11,"AE1011",7593,"CANO",2012,35,"1","26,5","551,5458602","regular","AE10","75,25",22,"46,76796","121,74291",NA,c(54.14, 36.35)
7584,"AE10001100025","AE10",11,"AE1011","ABAM",2012,35,"1","44","1520,530844","regular","AE10001100036","AE10",11,"AE1011",7595,"ABAM",2012,35,"1","10,1","80,11846665","small","AE10","75,25",22,"46,76796","121,74291",NA,c(54.14, 36.35)
7584,"AE10001100025","AE10",11,"AE1011","ABAM",2012,35,"1","44","1520,530844","regular","AE10001100037","AE10",11,"AE1011",7596,"CANO",1982,5,"6","29,5","683,4927517","regular","AE10","75,25",22,"46,76796","121,74291",NA,c(54.14, 36.35)
7584,"AE10001100025","AE10",11,"AE1011","ABAM",2012,35,"1","44","1520,530844","regular","AE10001100038","AE10",11,"AE1011",7597,"CANO",1982,5,"6","26,5","551,5458602","regular","AE10","75,25",22,"46,76796","121,74291",NA,c(54.14, 36.35)
7584,"AE10001100025","AE10",11,"AE1011","ABAM",2012,35,"1","44","1520,530844","regular","AE10001100039","AE10",11,"AE1011",7598,"CANO",2012,35,"1","43,6","1493,010493","regular","AE10","75,25",22,"46,76796","121,74291",NA,c(54.14, 36.35)
7584,"AE10001100025","AE10",11,"AE1011","ABAM",2012,35,"1","44","1520,530844","regular","AE10001100040","AE10",11,"AE1011",7599,"CANO",2012,35,"1","46,9","1727,569654","regular","AE10","75,25",22,"46,76796","121,74291",NA,c(54.14, 36.35)
7584,"AE10001100025","AE10",11,"AE1011","ABAM",2012,35,"1","44","1520,530844","regular","AE10001100056","AE10",11,"AE1011",255,"ABAM",2012,35,"1","6","28,27433388","small","AE10","75,25",22,"46,76796","121,74291",NA,c(54.14, 36.35)
7584,"AE10001100025","AE10",11,"AE1011","ABAM",2012,35,"1","44","1520,530844","regular","AE10001100059","AE10",11,"AE1011",1742,"ABAM",2012,35,"1","5,4","22,90221044","small","AE10","75,25",22,"46,76796","121,74291",NA,c(54.14, 36.35)
7584,"AE10001100025","AE10",11,"AE1011","ABAM",2012,35,"1","44","1520,530844","regular","AE10001100060","AE10",11,"AE1011",494,"ABAM",2017,40,"2","5","19,63495408","small","AE10","75,25",22,"46,76796","121,74291",NA,c(54.14, 36.35)
7807,"AE10000600033","AE10",6,"AE106","ABAM",2012,35,"1","20,4","326,8512997","regular","AE10000600014","AE10",6,"AE106",7366,"ABAM",2012,35,"1","18,2","260,1552876","regular","AE10","75,75",21,"46,76841","121,74301",NA,c(57.48, 66.05)
7807,"AE10000600033","AE10",6,"AE106","ABAM",2012,35,"1","20,4","326,8512997","regular","AE10000600015","AE10",6,"AE106",7367,"ABAM",2012,35,"1","24,3","463,7697615","regular","AE10","75,75",21,"46,76841","121,74301",NA,c(57.48, 66.05)
7807,"AE10000600033","AE10",6,"AE106","ABAM",2012,35,"1","20,4","326,8512997","regular","AE10000600017","AE10",6,"AE106",7369,"CANO",2012,35,"1","31,4","774,3711732","regular","AE10","75,75",21,"46,76841","121,74301",NA,c(57.48, 66.05)
7807,"AE10000600033","AE10",6,"AE106","ABAM",2012,35,"1","20,4","326,8512997","regular","AE10000600018","AE10",6,"AE106",7370,"CANO",2012,35,"1","46,5","1698,227179","regular","AE10","75,75",21,"46,76841","121,74301",NA,c(57.48, 66.05)
7807,"AE10000600033","AE10",6,"AE106","ABAM",2012,35,"1","20,4","326,8512997","regular","AE10000600019","AE10",6,"AE106",7371,"CANO",2012,35,"1","54,9","2367,197918","regular","AE10","75,75",21,"46,76841","121,74301",NA,c(57.48, 66.05)
7807,"AE10000600033","AE10",6,"AE106","ABAM",2012,35,"1","20,4","326,8512997","regular","AE10000600020","AE10",6,"AE106",7372,"CANO",2012,35,"1","49,9","1955,649281","regular","AE10","75,75",21,"46,76841","121,74301",NA,c(57.48, 66.05)
7807,"AE10000600033","AE10",6,"AE106","ABAM",2012,35,"1","20,4","326,8512997","regular","AE10000600021","AE10",6,"AE106",7373,"ABAM",2012,35,"1","32,5","829,5768101","regular","AE10","75,75",21,"46,76841","121,74301",NA,c(57.48, 66.05)
7807,"AE10000600033","AE10",6,"AE106","ABAM",2012,35,"1","20,4","326,8512997","regular","AE10000600022","AE10",6,"AE106",7374,"CANO",2012,35,"3","33","855,2985999","regular","AE10","75,75",21,"46,76841","121,74301",NA,c(57.48, 66.05)
7807,"AE10000600033","AE10",6,"AE106","ABAM",2012,35,"1","20,4","326,8512997","regular","AE10000600023","AE10",6,"AE106",7375,"CANO",2012,35,"3","63,5","3166,921744","regular","AE10","75,75",21,"46,76841","121,74301",NA,c(57.48, 66.05)
7807,"AE10000600033","AE10",6,"AE106","ABAM",2012,35,"1","20,4","326,8512997","regular","AE10000600024","AE10",6,"AE106",7376,"CANO",2012,35,"1","32,9","850,122826","regular","AE10","75,75",21,"46,76841","121,74301",NA,c(57.48, 66.05)
7807,"AE10000600033","AE10",6,"AE106","ABAM",2012,35,"1","20,4","326,8512997","regular","AE10000600033","AE10",6,"AE106",7807,"ABAM",2012,35,"1","20,4","326,8512997","regular","AE10","75,75",21,"46,76841","121,74301",NA,c(57.48, 66.05)
